{"name":"makeovermonday_2018w27-rat-sightings-in-new-york-city","title":"2018/W27: Rat Sightings in New York City","description":"Rat Sightings in New York City\n\n# **Original Visualization**\n![](http://i.imgur.com/5jk5L8f.png)\n\nCREATED BY: [Jowanza Joseph](https://twitter.com/Jowanza)\n\nSOURCE ARTICLE: [Link](https://www.jowanza.com/blog/rat-sightings-in-new-york-city-revisited)\n\n\n# **About this Dataset**\n\nDATA SOURCE: [NYC Open Data](https://nycopendata.socrata.com/Social-Services/Rat-Sightings/3q43-55fe/data)\n\n# **Objectives**\n\n* What works and what doesn't work with this chart? \n* How can you make it better? \n* Post your alternative on the discussions page.","homepage":"https://data.world/makeovermonday/2018w27-rat-sightings-in-new-york-city","resources":[{"name":"rat_sightings","schema":{"fields":[{"name":"address_type","title":"Address Type","type":"string","rdfType":"http://www.w3.org/2001/XMLSchema#string","dwSourceId":"address_type"},{"name":"agency_name","title":"Agency Name","type":"string","rdfType":"http://www.w3.org/2001/XMLSchema#string","dwSourceId":"agency_name"},{"name":"agency","title":"Agency","type":"string","rdfType":"http://www.w3.org/2001/XMLSchema#string","dwSourceId":"agency"},{"name":"borough","title":"Borough","type":"string","rdfType":"http://www.w3.org/2001/XMLSchema#string","dwSourceId":"borough"},{"name":"city","title":"City","type":"string","rdfType":"http://www.w3.org/2001/XMLSchema#string","dwSourceId":"city"},{"name":"closed_date","title":"Closed Date","type":"datetime","rdfType":"http://www.w3.org/2001/XMLSchema#dateTime","dwSourceId":"closed_date"},{"name":"community_board","title":"Community Board","type":"string","rdfType":"http://www.w3.org/2001/XMLSchema#string","dwSourceId":"community_board"},{"name":"complaint_type","title":"Complaint Type","type":"string","rdfType":"http://www.w3.org/2001/XMLSchema#string","dwSourceId":"complaint_type"},{"name":"created_date","title":"Created Date","type":"datetime","rdfType":"http://www.w3.org/2001/XMLSchema#dateTime","dwSourceId":"created_date"},{"name":"cross_street_1","title":"Cross Street 1","type":"string","rdfType":"http://www.w3.org/2001/XMLSchema#string","dwSourceId":"cross_street_1"},{"name":"cross_street_2","title":"Cross Street 2","type":"string","rdfType":"http://www.w3.org/2001/XMLSchema#string","dwSourceId":"cross_street_2"},{"name":"descriptor","title":"Descriptor","type":"string","rdfType":"http://www.w3.org/2001/XMLSchema#string","dwSourceId":"descriptor"},{"name":"due_date","title":"Due Date","type":"datetime","rdfType":"http://www.w3.org/2001/XMLSchema#dateTime","dwSourceId":"due_date"},{"name":"facility_type","title":"Facility Type","type":"string","rdfType":"http://www.w3.org/2001/XMLSchema#string","dwSourceId":"facility_type"},{"name":"incident_address","title":"Incident Address","type":"string","rdfType":"http://www.w3.org/2001/XMLSchema#string","dwSourceId":"incident_address"},{"name":"incident_zip","title":"Incident Zip","type":"integer","rdfType":"http://www.w3.org/2001/XMLSchema#integer","dwSourceId":"incident_zip"},{"name":"intersection_street_1","title":"Intersection Street 1","type":"string","rdfType":"http://www.w3.org/2001/XMLSchema#string","dwSourceId":"intersection_street_1"},{"name":"intersection_street_2","title":"Intersection Street 2","type":"string","rdfType":"http://www.w3.org/2001/XMLSchema#string","dwSourceId":"intersection_street_2"},{"name":"landmark","title":"Landmark","type":"string","rdfType":"http://www.w3.org/2001/XMLSchema#string","dwSourceId":"landmark"},{"name":"latitude","title":"Latitude","type":"number","rdfType":"http://www.w3.org/2001/XMLSchema#decimal","dwSourceId":"latitude"},{"name":"location_type","title":"Location Type","type":"string","rdfType":"http://www.w3.org/2001/XMLSchema#string","dwSourceId":"location_type"},{"name":"longitude","title":"Longitude","type":"number","rdfType":"http://www.w3.org/2001/XMLSchema#decimal","dwSourceId":"longitude"},{"name":"park_borough","title":"Park Borough","type":"string","rdfType":"http://www.w3.org/2001/XMLSchema#string","dwSourceId":"park_borough"},{"name":"park_facility_name","title":"Park Facility Name","type":"string","rdfType":"http://www.w3.org/2001/XMLSchema#string","dwSourceId":"park_facility_name"},{"name":"resolution_action_updated_date","title":"Resolution Action Updated Date","type":"datetime","rdfType":"http://www.w3.org/2001/XMLSchema#dateTime","dwSourceId":"resolution_action_updated_date"},{"name":"status","title":"Status","type":"string","rdfType":"http://www.w3.org/2001/XMLSchema#string","dwSourceId":"status"},{"name":"street_name","title":"Street Name","type":"string","rdfType":"http://www.w3.org/2001/XMLSchema#string","dwSourceId":"street_name"},{"name":"unique_key","title":"Unique Key","type":"integer","rdfType":"http://www.w3.org/2001/XMLSchema#integer","dwSourceId":"unique_key"},{"name":"location","title":" Location","type":"string","rdfType":"http://www.opengis.net/ont/OGC-GeoSPARQL/1.0/Point","dwSourceId":"location"}]},"path":"data/rat_sightings.csv","format":"csv"},{"name":"original/Rat_Sightings.csv","path":"original/Rat_Sightings.csv","format":"csv","mediatype":"text/csv","bytes":75072190}],"keywords":["makeover monday","new york","rats"]}